Date,Price,Open,High,Low,Vol.,Target
2020-08-26,1.7,1.57,1.73,1.55,81.15M,1
2020-08-25,1.58,1.61,1.68,1.56,53.09M,-1
2020-08-24,1.61,1.63,1.66,1.6,15.64M,-1
2020-08-21,1.62,1.65,1.67,1.6,20.58M,-1
2020-08-20,1.64,1.69,1.69,1.63,27.57M,-1
2020-08-19,1.69,1.63,1.69,1.61,34.84M,1
2020-08-18,1.62,1.56,1.67,1.55,50.19M,1
2020-08-17,1.55,1.56,1.6,1.55,12.16M,-1
2020-08-14,1.56,1.58,1.59,1.53,12.86M,-1
2020-08-13,1.6,1.69,1.7,1.6,24.94M,-1
2020-08-12,1.68,1.75,1.76,1.68,22.02M,-1
2020-08-11,1.75,1.65,1.76,1.64,40.57M,1
2020-08-10,1.67,1.57,1.72,1.51,34.92M,1
2020-08-07,1.62,1.49,1.64,1.42,22.34M,1
2020-08-06,1.57,1.72,1.74,1.57,30.81M,-1
2020-08-05,1.74,1.73,1.74,1.65,29.78M,1
2020-08-04,1.71,1.88,1.91,1.63,38.99M,-1
2020-07-30,1.81,1.82,1.84,1.78,6.69M,-1
2020-07-29,1.82,1.74,1.83,1.68,34.85M,1
2020-07-28,1.73,1.92,1.92,1.73,26.23M,-1
2020-07-27,1.91,1.91,1.96,1.9,28.72M,0
2020-07-24,1.89,1.85,1.95,1.83,30.14M,1
2020-07-23,1.89,1.94,1.95,1.87,21.32M,-1
2020-07-22,1.92,2.0,2.06,1.88,51.44M,-1
2020-07-21,1.96,1.91,2.04,1.87,99.78M,1
2020-07-20,1.86,1.85,1.89,1.84,33.98M,1
2020-07-17,1.82,1.78,1.84,1.74,32.48M,1
2020-07-16,1.78,1.8,1.84,1.78,30.08M,-1
2020-07-14,1.76,1.72,1.79,1.66,40.81M,1
2020-07-13,1.73,1.64,1.73,1.63,15.24M,1
2020-07-10,1.6,1.6,1.61,1.51,23.71M,0
2020-07-09,1.63,1.74,1.75,1.62,23.27M,-1
2020-07-08,1.73,1.81,1.83,1.71,40.82M,-1
2020-07-07,1.81,1.81,1.91,1.72,64.03M,0
2020-07-06,1.8,1.71,1.82,1.69,65.71M,1
2020-07-03,1.69,1.68,1.74,1.67,67.22M,1
2020-07-02,1.63,1.56,1.68,1.56,108.01M,1
2020-07-01,1.55,1.54,1.6,1.5,70.36M,1
2020-06-30,1.52,1.51,1.56,1.48,69.09M,1
2020-06-29,1.5,1.44,1.52,1.43,58.45M,1
2020-06-26,1.43,1.44,1.47,1.42,35.99M,-1
2020-06-25,1.43,1.41,1.46,1.4,36.71M,1
2020-06-24,1.41,1.41,1.46,1.4,33.44M,0
2020-06-23,1.41,1.43,1.44,1.4,16.74M,-1
2020-06-22,1.42,1.41,1.44,1.39,27.26M,1
2020-06-19,1.4,1.42,1.44,1.38,20.08M,-1
2020-06-18,1.41,1.42,1.44,1.41,17.99M,-1
2020-06-17,1.41,1.43,1.45,1.41,29.43M,-1
2020-06-16,1.44,1.44,1.48,1.42,54.81M,0
2020-06-15,1.42,1.43,1.48,1.4,72.24M,-1
2020-06-12,1.41,1.32,1.43,1.31,67.53M,1
2020-06-11,1.33,1.34,1.37,1.32,18.59M,-1
2020-06-10,1.36,1.33,1.39,1.32,46.03M,1
2020-06-09,1.32,1.32,1.34,1.28,22.40M,0
2020-06-08,1.32,1.35,1.36,1.3,20.00M,-1
2020-06-05,1.33,1.3,1.34,1.29,24.05M,1
2020-06-04,1.29,1.31,1.32,1.29,8.54M,-1
2020-06-03,1.3,1.33,1.34,1.3,16.95M,-1
2020-06-02,1.31,1.29,1.34,1.28,38.81M,1
2020-06-01,1.29,1.29,1.31,1.27,11.87M,0
2020-05-29,1.27,1.29,1.3,1.26,11.88M,-1
2020-05-28,1.3,1.35,1.38,1.29,27.59M,-1
2020-05-27,1.34,1.36,1.37,1.34,29.78M,-1
2020-05-22,1.34,1.33,1.37,1.33,17.35M,1
2020-05-21,1.34,1.37,1.4,1.32,39.40M,-1
2020-05-20,1.37,1.3,1.4,1.26,51.69M,1
2020-05-18,1.29,1.21,1.3,1.2,68.61M,1
2020-05-15,1.19,1.17,1.24,1.17,33.80M,1
2020-05-14,1.16,1.19,1.2,1.14,13.60M,-1
2020-05-13,1.2,1.2,1.22,1.18,16.50M,0
2020-05-12,1.19,1.19,1.21,1.18,17.70M,0
2020-05-11,1.19,1.16,1.2,1.16,15.96M,1
2020-05-08,1.16,1.16,1.19,1.15,20.36M,0
2020-05-07,1.15,1.15,1.17,1.13,13.14M,0
2020-05-06,1.15,1.17,1.19,1.14,15.42M,-1
2020-05-05,1.16,1.22,1.23,1.16,17.52M,-1
2020-05-04,1.2,1.15,1.24,1.12,43.19M,1
2020-04-30,1.18,1.22,1.25,1.16,48.16M,-1
2020-04-29,1.21,1.21,1.28,1.19,72.19M,0
2020-04-28,1.2,1.12,1.22,1.1,85.66M,1
2020-04-27,1.11,1.07,1.11,1.06,32.33M,1
2020-04-24,1.06,1.1,1.13,1.06,41.41M,-1
2020-04-22,1.08,1.13,1.13,1.05,22.19M,-1
2020-04-21,1.1,1.07,1.14,1.05,49.18M,1
2020-04-20,1.07,1.01,1.07,1.01,34.06M,1
2020-04-17,0.98,0.94,1.0,0.93,31.96M,1
2020-04-16,0.92,0.93,0.94,0.9,10.70M,-1
2020-04-15,0.92,0.95,0.96,0.89,16.16M,-1
2020-04-14,0.95,0.93,0.95,0.93,15.68M,1
2020-04-13,0.92,0.9,0.94,0.89,17.54M,1
2020-04-10,0.91,0.92,0.93,0.9,14.11M,-1
2020-04-09,0.92,0.91,0.92,0.89,11.34M,1
2020-04-08,0.9,0.9,0.91,0.87,11.52M,0
2020-04-07,0.9,0.92,0.94,0.89,17.40M,-1
2020-04-06,0.91,0.88,0.91,0.86,22.71M,1
2020-04-03,0.86,0.84,0.88,0.83,16.34M,1
2020-04-02,0.84,0.85,0.86,0.82,13.88M,-1
2020-04-01,0.84,0.8,0.88,0.78,18.26M,1
2020-03-31,0.82,0.78,0.82,0.75,20.12M,1
2020-03-30,0.75,0.74,0.76,0.72,7.79M,1
2020-03-27,0.74,0.77,0.78,0.73,12.89M,-1
2020-03-26,0.76,0.73,0.77,0.72,14.06M,1
2020-03-25,0.73,0.75,0.77,0.72,11.86M,-1
2020-03-24,0.74,0.71,0.74,0.7,7.94M,1
2020-03-23,0.69,0.69,0.71,0.68,7.32M,0
2020-03-20,0.72,0.74,0.75,0.71,7.14M,-1
2020-03-19,0.72,0.73,0.75,0.71,9.70M,-1
2020-03-18,0.74,0.72,0.78,0.71,10.90M,1
2020-03-17,0.74,0.77,0.8,0.7,8.48M,-1
2020-03-16,0.77,0.81,0.83,0.76,5.56M,-1
2020-03-13,0.84,0.79,0.86,0.76,10.42M,1
2020-03-12,0.79,0.92,0.92,0.77,8.29M,-1
2020-03-11,0.96,0.99,1.03,0.92,11.67M,-1
2020-03-10,0.99,1.14,1.17,0.99,14.08M,-1
2020-03-09,1.1,1.19,1.2,1.08,8.42M,-1
2020-03-06,1.24,1.27,1.29,1.22,6.56M,-1
2020-03-05,1.27,1.3,1.33,1.23,9.45M,-1
2020-03-04,1.29,1.31,1.35,1.28,10.37M,-1
2020-03-03,1.31,1.29,1.34,1.28,12.24M,1
2020-03-02,1.27,1.25,1.29,1.21,6.62M,1
2020-02-28,1.21,1.05,1.26,1.05,9.60M,1
2020-02-27,1.31,1.42,1.43,1.31,9.01M,-1
2020-02-26,1.43,1.42,1.45,1.4,10.62M,1
2020-02-25,1.43,1.46,1.47,1.4,11.61M,-1
2020-02-24,1.44,1.4,1.45,1.38,10.77M,1
2020-02-21,1.44,1.39,1.46,1.37,15.08M,1
2020-02-20,1.41,1.53,1.55,1.38,26.71M,-1
2020-02-19,1.52,1.53,1.57,1.49,23.52M,-1
2020-02-18,1.52,1.57,1.57,1.5,33.51M,-1
2020-02-17,1.6,1.53,1.63,1.52,40.77M,1
2020-02-14,1.53,1.55,1.58,1.51,14.44M,-1
2020-02-13,1.54,1.5,1.56,1.49,18.06M,1
2020-02-12,1.49,1.49,1.51,1.45,15.64M,0
2020-02-11,1.48,1.48,1.49,1.44,15.70M,0
2020-02-10,1.46,1.52,1.55,1.4,24.30M,-1
2020-02-07,1.52,1.51,1.61,1.51,64.47M,1
2020-02-06,1.51,1.54,1.54,1.5,8.20M,-1
2020-02-05,1.52,1.54,1.55,1.51,12.28M,-1
2020-02-04,1.53,1.5,1.56,1.49,20.89M,1
2020-02-03,1.48,1.48,1.51,1.46,17.00M,0
2020-01-31,1.47,1.49,1.49,1.46,9.45M,-1
2020-01-30,1.48,1.52,1.54,1.47,17.00M,-1
2020-01-29,1.52,1.54,1.57,1.51,26.15M,-1
2020-01-28,1.52,1.55,1.56,1.5,20.72M,-1
2020-01-27,1.53,1.52,1.62,1.51,38.51M,1
2020-01-24,1.53,1.54,1.56,1.51,30.76M,-1
2020-01-23,1.52,1.51,1.57,1.5,46.68M,1
2020-01-22,1.5,1.49,1.52,1.45,45.28M,1
2020-01-21,1.48,1.43,1.51,1.41,36.93M,1
2020-01-20,1.44,1.41,1.45,1.41,16.38M,1
2020-01-17,1.4,1.43,1.44,1.39,13.52M,-1
2020-01-16,1.42,1.43,1.47,1.41,25.36M,-1
2020-01-15,1.43,1.44,1.46,1.4,18.92M,-1
2020-01-14,1.44,1.45,1.48,1.39,26.18M,-1
2020-01-13,1.44,1.44,1.48,1.44,26.72M,0
2020-01-10,1.42,1.38,1.48,1.37,71.60M,1
2020-01-09,1.37,1.34,1.39,1.33,43.32M,1
2020-01-08,1.3,1.28,1.34,1.26,22.62M,1
2020-01-07,1.32,1.32,1.36,1.32,17.19M,0
2020-01-06,1.31,1.34,1.36,1.29,18.09M,-1
2020-01-03,1.36,1.36,1.42,1.28,119.04M,0
2020-01-02,1.35,1.32,1.37,1.32,19.62M,1
2019-12-31,1.31,1.34,1.35,1.31,10.41M,-1
2019-12-30,1.33,1.32,1.35,1.32,14.57M,1
2019-12-27,1.31,1.31,1.35,1.3,25.65M,0
2019-12-26,1.3,1.3,1.32,1.29,13.07M,0
2019-12-25,1.3,1.3,1.32,1.29,9.66M,0
2019-12-24,1.3,1.32,1.33,1.3,10.49M,-1
2019-12-23,1.31,1.3,1.33,1.28,12.28M,1
2019-12-20,1.29,1.31,1.33,1.28,10.33M,-1
2019-12-19,1.3,1.32,1.33,1.3,11.47M,-1
2019-12-18,1.31,1.33,1.34,1.31,7.48M,-1
2019-12-17,1.34,1.34,1.39,1.33,25.59M,0
2019-12-16,1.33,1.31,1.36,1.31,21.97M,1
2019-12-13,1.3,1.33,1.42,1.3,64.34M,-1
2019-12-12,1.32,1.3,1.34,1.29,14.91M,1
2019-12-11,1.28,1.31,1.32,1.26,6.31M,-1
2019-12-10,1.31,1.33,1.36,1.3,12.60M,-1
2019-12-09,1.32,1.29,1.36,1.29,27.75M,1
2019-12-06,1.29,1.34,1.35,1.29,10.59M,-1
2019-12-05,1.33,1.35,1.4,1.33,28.91M,-1
2019-12-04,1.34,1.35,1.37,1.33,15.80M,-1
2019-12-03,1.33,1.32,1.42,1.3,58.29M,1
2019-12-02,1.32,1.37,1.39,1.32,46.17M,-1
2019-11-29,1.36,1.19,1.37,1.16,135.35M,1
2019-11-28,1.18,1.19,1.21,1.17,13.00M,-1
2019-11-27,1.17,1.14,1.19,1.14,20.34M,1
2019-11-26,1.14,1.14,1.16,1.11,9.25M,0
2019-11-25,1.13,1.18,1.19,1.13,11.70M,-1
2019-11-22,1.16,1.2,1.22,1.16,19.79M,-1
2019-11-21,1.18,1.1,1.19,1.1,29.35M,1
2019-11-20,1.1,1.1,1.15,1.09,19.56M,0
2019-11-19,1.09,1.14,1.15,1.09,12.08M,-1
2019-11-18,1.13,1.1,1.2,1.09,58.36M,1
2019-11-15,1.09,1.09,1.12,1.07,13.52M,0
2019-11-14,1.08,1.04,1.11,1.03,27.52M,1
2019-11-13,1.04,1.04,1.05,1.03,6.90M,0
2019-11-12,1.03,1.03,1.06,1.03,12.74M,0
2019-11-11,1.02,1.0,1.03,0.98,9.29M,1
2019-11-08,0.99,1.01,1.01,0.99,3.01M,-1
2019-11-07,1.01,0.99,1.01,0.98,10.25M,1
2019-11-06,0.98,0.99,0.99,0.98,1.75M,-1
2019-11-05,0.99,0.99,0.99,0.98,1.04M,0
2019-11-04,0.99,0.98,1.0,0.97,4.57M,1
2019-11-01,0.97,0.99,1.0,0.96,2.56M,-1
2019-10-31,0.99,0.99,1.01,0.98,4.41M,0
2019-10-30,0.99,1.0,1.0,0.99,1.62M,-1
2019-10-28,1.01,1.01,1.02,1.0,1.01M,0
2019-10-25,1.01,1.02,1.03,1.0,4.16M,-1
2019-10-24,1.01,1.02,1.03,1.0,6.35M,-1
2019-10-23,1.01,1.02,1.03,1.0,3.34M,-1
2019-10-22,1.0,1.0,1.02,0.99,6.32M,0
2019-10-21,1.0,0.98,1.01,0.97,5.32M,1
2019-10-18,0.98,0.98,0.99,0.97,3.07M,0
2019-10-17,0.96,0.97,0.98,0.95,1.77M,-1
2019-10-16,0.97,0.97,0.98,0.96,1.28M,0
2019-10-15,0.98,0.97,0.98,0.95,2.61M,1
2019-10-14,0.95,0.99,1.0,0.94,3.87M,-1
2019-10-11,0.99,0.96,1.03,0.96,17.95M,1
2019-10-10,0.96,0.98,0.99,0.95,2.79M,-1
2019-10-09,0.97,1.0,1.01,0.97,3.13M,-1
2019-10-08,1.0,1.0,1.02,0.98,5.15M,0
2019-10-07,1.01,1.0,1.04,0.99,8.42M,1
2019-10-04,1.02,1.02,1.02,1.0,2.44M,0
2019-10-03,1.01,1.03,1.04,1.01,4.48M,-1
2019-10-02,1.02,1.02,1.03,1.01,3.81M,0
2019-10-01,1.02,1.03,1.06,1.01,21.94M,-1
2019-09-30,1.03,1.03,1.05,1.02,6.66M,0
2019-09-27,1.03,1.01,1.04,1.01,7.28M,1
2019-09-26,1.01,1.02,1.03,1.01,1.10M,-1
2019-09-25,1.02,1.02,1.03,1.01,2.65M,0
2019-09-24,1.02,1.04,1.05,1.02,3.45M,-1
2019-09-23,1.03,1.03,1.05,1.02,3.65M,0
2019-09-20,1.03,1.04,1.04,1.02,2.79M,-1
2019-09-19,1.04,1.06,1.07,1.03,4.74M,-1
2019-09-18,1.05,1.03,1.06,1.02,7.82M,1
2019-09-17,1.03,1.04,1.05,1.02,3.74M,-1
2019-09-16,1.03,1.03,1.05,1.03,1.92M,0
2019-09-13,1.04,1.04,1.06,1.02,3.12M,0
2019-09-12,1.03,1.06,1.07,1.02,5.69M,-1
2019-09-11,1.08,1.05,1.09,1.04,9.75M,1
2019-09-10,1.04,1.03,1.06,1.02,6.06M,1
2019-09-09,1.02,1.0,1.04,1.0,8.83M,1
2019-09-06,0.99,1.01,1.01,0.98,2.22M,-1
2019-09-05,1.0,1.0,1.03,1.0,3.98M,0
2019-09-04,1.0,0.99,1.02,0.98,5.65M,1
2019-09-03,0.98,0.97,1.0,0.97,4.19M,1
2019-09-02,0.98,0.97,0.99,0.96,2.29M,1
2019-08-29,0.96,0.96,0.97,0.95,894.91K,0
2019-08-28,0.96,0.96,0.97,0.95,1.44M,0
2019-08-27,0.96,0.98,0.99,0.96,2.89M,-1
2019-08-26,0.98,0.97,1.03,0.95,7.31M,1
2019-08-23,0.98,0.97,0.98,0.96,2.16M,1
2019-08-22,0.97,0.97,0.98,0.95,1.48M,0
2019-08-21,0.97,0.99,1.0,0.96,2.54M,-1
2019-08-20,0.99,0.98,1.0,0.98,1.97M,1
2019-08-19,0.97,0.98,1.01,0.96,3.41M,-1
2019-08-16,0.97,1.02,1.03,0.97,5.04M,-1
2019-08-15,1.01,1.0,1.03,0.99,3.90M,1
2019-08-09,1.03,1.06,1.06,1.02,2.18M,-1
2019-08-08,1.04,1.02,1.04,0.99,6.43M,1
2019-08-07,1.01,0.99,1.03,0.96,14.94M,1
2019-08-06,0.98,0.94,0.98,0.94,2.53M,1
2019-08-05,0.95,0.93,0.96,0.93,1.16M,1
2019-08-02,0.94,0.94,0.95,0.93,1.63M,0
2019-08-01,0.94,0.96,0.96,0.94,1.73M,-1
2019-07-31,0.96,0.97,0.99,0.95,3.38M,-1
2019-07-30,0.96,0.95,0.98,0.94,7.77M,1
2019-07-29,0.95,0.96,0.99,0.94,5.48M,-1
2019-07-26,0.96,0.91,0.98,0.91,10.54M,1
2019-07-25,0.91,0.92,0.93,0.9,1.71M,-1
2019-07-24,0.93,0.93,0.93,0.91,751.36K,0
2019-07-23,0.92,0.92,0.93,0.91,768.01K,0
2019-07-22,0.92,0.93,0.94,0.92,1.57M,-1
2019-07-19,0.93,0.94,0.96,0.92,5.34M,-1
2019-07-18,0.94,0.93,0.95,0.92,3.59M,1
2019-07-17,0.93,0.92,0.94,0.91,4.93M,1
2019-07-16,0.92,0.92,0.93,0.91,1.00M,0
2019-07-12,0.91,0.92,0.93,0.9,2.27M,-1
2019-07-11,0.91,0.92,0.93,0.9,1.42M,-1
2019-07-10,0.92,0.91,0.92,0.89,2.43M,1
2019-07-09,0.91,0.94,0.95,0.9,2.89M,-1
2019-07-08,0.93,0.93,0.96,0.93,2.31M,0
2019-07-05,0.94,0.96,0.97,0.93,2.68M,-1
2019-07-04,0.95,0.94,0.97,0.93,7.82M,1
2019-07-03,0.95,0.94,1.01,0.93,35.92M,1
2019-07-02,0.93,0.94,0.95,0.92,5.69M,-1
2019-07-01,0.94,0.93,0.97,0.91,10.52M,1
2019-06-28,0.92,0.92,0.93,0.91,871.16K,0
2019-06-27,0.92,0.93,0.94,0.91,2.98M,-1
2019-06-26,0.93,0.92,0.93,0.91,900.13K,1
2019-06-25,0.92,0.92,0.93,0.91,1.26M,0
2019-06-24,0.92,0.93,0.94,0.91,3.48M,-1
2019-06-21,0.91,0.92,0.94,0.91,3.42M,-1
2019-06-20,0.92,0.94,0.95,0.91,7.39M,-1
2019-06-19,0.93,0.97,1.01,0.93,10.85M,-1
2019-06-18,0.97,0.95,0.98,0.92,9.32M,1
2019-06-17,0.95,0.91,0.96,0.87,10.94M,1
2019-06-14,0.9,0.95,0.96,0.9,27.56M,-1
2019-06-13,0.97,0.88,1.0,0.87,23.22M,1
2019-06-12,0.87,0.85,0.89,0.85,1.88M,1
2019-06-11,0.85,0.86,0.88,0.85,1.44M,-1
2019-06-10,0.86,0.85,0.87,0.84,2.04M,1
2019-06-07,0.85,0.83,0.85,0.82,1.55M,1
2019-06-03,0.82,0.83,0.83,0.81,306.62K,-1
2019-05-31,0.83,0.82,0.83,0.81,1.61M,1
2019-05-30,0.82,0.8,0.82,0.8,1.51M,1
2019-05-29,0.8,0.81,0.82,0.8,828.49K,-1
2019-05-28,0.81,0.8,0.85,0.8,3.06M,1
2019-05-27,0.8,0.8,0.82,0.8,913.88K,0
2019-05-24,0.8,0.79,0.81,0.79,1.39M,1
2019-05-23,0.79,0.8,0.8,0.79,502.90K,-1
2019-05-22,0.8,0.82,0.83,0.79,877.56K,-1
2019-05-21,0.82,0.84,0.87,0.82,3.39M,-1
2019-05-20,0.83,0.84,0.85,0.82,490.66K,-1
2019-05-17,0.84,0.8,0.87,0.79,2.74M,1
2019-05-16,0.8,0.8,0.83,0.8,3.98M,0
2019-05-15,0.8,0.82,0.82,0.8,892.06K,-1
2019-05-14,0.82,0.8,0.82,0.79,794.29K,1
2019-05-13,0.81,0.83,0.84,0.79,1.14M,-1
2019-05-10,0.84,0.84,0.85,0.82,1.00M,0
2019-05-09,0.83,0.85,0.86,0.83,997.47K,-1
2019-05-08,0.86,0.85,0.88,0.84,3.83M,1
2019-05-07,0.85,0.84,0.86,0.83,1.46M,1
2019-05-06,0.86,0.88,0.88,0.85,1.66M,-1
2019-05-03,0.88,0.9,0.9,0.88,1.51M,-1
2019-05-02,0.9,0.89,0.91,0.88,2.37M,1
2019-04-30,0.93,0.91,0.93,0.9,1.86M,1
2019-04-29,0.91,0.93,0.94,0.91,1.18M,-1
2019-04-26,0.93,0.94,0.94,0.92,1.10M,-1
2019-04-25,0.93,0.96,0.96,0.92,2.45M,-1
2019-04-24,0.96,0.94,0.97,0.93,8.04M,1
2019-04-22,0.93,0.94,0.95,0.93,1.18M,-1
2019-04-19,0.94,0.93,0.95,0.92,2.61M,1
2019-04-18,0.93,0.94,0.96,0.92,3.47M,-1
2019-04-17,0.94,0.93,0.96,0.92,5.81M,1
2019-04-16,0.92,0.92,0.94,0.92,1.40M,0
2019-04-15,0.92,0.92,0.93,0.91,1.21M,0
2019-04-12,0.92,0.93,0.93,0.91,1.25M,-1
2019-04-11,0.93,0.94,0.94,0.92,758.85K,-1
2019-04-10,0.94,0.95,0.95,0.92,1.15M,-1
2019-04-09,0.95,0.95,0.96,0.94,1.15M,0
2019-04-08,0.95,0.97,0.97,0.94,1.32M,-1
2019-04-05,0.96,0.96,0.97,0.95,2.95M,0
2019-04-04,0.96,0.97,0.97,0.95,2.24M,-1
2019-04-03,0.96,0.97,0.98,0.94,5.32M,-1
2019-04-02,0.97,1.01,1.02,0.97,9.53M,-1
2019-04-01,1.01,0.96,1.03,0.93,26.68M,1
2019-03-29,0.95,0.95,0.97,0.94,2.44M,0
2019-03-28,0.95,0.94,0.97,0.92,3.03M,1
2019-03-27,0.93,1.0,1.0,0.92,2.17M,-1
2019-03-26,1.0,1.01,1.02,0.98,1.68M,-1
2019-03-25,1.0,1.03,1.04,0.98,2.27M,-1
2019-03-22,1.02,1.06,1.07,1.02,3.62M,-1
2019-03-21,1.05,1.05,1.07,1.05,2.28M,0
2019-03-20,1.05,1.06,1.07,1.05,2.49M,-1
2019-03-19,1.06,1.07,1.09,1.06,6.09M,-1
2019-03-18,1.06,1.05,1.07,1.05,3.63M,1
2019-03-15,1.05,1.05,1.08,1.05,4.46M,0
2019-03-14,1.05,1.06,1.07,1.04,4.88M,-1
2019-03-13,1.06,1.1,1.16,1.06,27.47M,-1
2019-03-12,1.09,1.04,1.09,1.04,15.09M,1
2019-03-11,1.04,1.03,1.08,1.02,8.50M,1
2019-03-08,1.03,1.06,1.06,1.01,4.91M,-1
2019-03-07,1.05,1.08,1.09,1.05,3.20M,-1
2019-03-06,1.08,1.07,1.09,1.05,4.99M,1
2019-03-05,1.07,1.1,1.11,1.06,4.71M,-1
2019-03-04,1.09,1.06,1.1,1.03,9.34M,1
2019-03-01,1.07,1.09,1.1,1.07,4.09M,-1
2019-02-28,1.08,1.05,1.12,1.04,18.98M,1
2019-02-27,1.04,1.04,1.08,1.04,4.75M,0
2019-02-26,1.04,1.05,1.05,1.03,2.26M,-1
2019-02-25,1.05,1.02,1.08,1.02,12.30M,1
2019-02-22,1.02,1.03,1.03,1.02,1.47M,-1
2019-02-21,1.02,1.03,1.04,1.02,1.40M,-1
2019-02-20,1.02,1.04,1.05,1.02,2.90M,-1
2019-02-19,1.03,1.02,1.06,1.0,9.87M,1
2019-02-18,1.01,1.03,1.04,1.01,1.40M,-1
2019-02-15,1.02,1.04,1.04,1.01,1.53M,-1
2019-02-14,1.04,1.04,1.04,1.01,2.95M,0
2019-02-13,1.03,1.06,1.07,1.03,2.88M,-1
2019-02-12,1.05,1.07,1.08,1.05,1.87M,-1
2019-02-11,1.07,1.06,1.09,1.06,4.01M,1
2019-02-08,1.05,1.06,1.07,1.05,2.00M,-1
2019-02-07,1.06,1.08,1.08,1.05,1.70M,-1
2019-02-06,1.08,1.09,1.1,1.07,2.16M,-1
2019-02-05,1.08,1.09,1.11,1.08,3.53M,-1
2019-02-04,1.08,1.08,1.11,1.07,4.52M,0
2019-02-01,1.07,1.1,1.1,1.07,2.52M,-1
2019-01-31,1.09,1.12,1.13,1.09,3.98M,-1
2019-01-30,1.11,1.1,1.16,1.09,19.32M,1
2019-01-29,1.1,1.07,1.1,1.07,6.29M,1
2019-01-28,1.07,1.1,1.11,1.07,3.01M,-1
2019-01-25,1.1,1.09,1.12,1.08,1.67M,1
2019-01-24,1.09,1.09,1.09,1.08,1.51M,0
2019-01-23,1.08,1.1,1.1,1.07,3.59M,-1
2019-01-22,1.09,1.11,1.12,1.09,1.90M,-1
2019-01-21,1.1,1.11,1.13,1.09,4.67M,-1
2019-01-18,1.1,1.07,1.11,1.06,5.05M,1
2019-01-17,1.06,1.06,1.09,1.06,3.47M,0
2019-01-16,1.05,1.05,1.06,1.04,1.48M,0
2019-01-15,1.05,1.05,1.06,1.04,2.75M,0
2019-01-14,1.04,1.04,1.05,1.03,1.63M,0
2019-01-11,1.05,1.04,1.07,1.04,2.56M,1
2019-01-10,1.04,1.05,1.07,1.03,2.06M,-1
2019-01-09,1.04,1.05,1.06,1.04,1.21M,-1
2019-01-08,1.05,1.06,1.07,1.04,1.15M,-1
2019-01-07,1.06,1.06,1.09,1.05,3.05M,0
2019-01-04,1.05,1.05,1.06,1.04,1.73M,0
2019-01-03,1.04,1.06,1.1,1.03,4.91M,-1
2019-01-02,1.06,1.1,1.1,1.05,2.19M,-1
2018-12-31,1.09,1.1,1.11,1.08,1.72M,-1
2018-12-28,1.1,1.13,1.13,1.09,3.74M,-1
2018-12-27,1.12,1.15,1.15,1.12,3.46M,-1
2018-12-26,1.13,1.15,1.16,1.13,8.48M,-1
2018-12-25,1.14,1.14,1.16,1.12,6.22M,0
2018-12-24,1.14,1.15,1.2,1.12,20.53M,-1
2018-12-21,1.14,1.16,1.18,1.14,7.02M,-1
2018-12-20,1.15,1.15,1.2,1.14,13.05M,0
2018-12-19,1.16,1.14,1.19,1.13,9.87M,1
2018-12-18,1.13,1.13,1.17,1.11,12.19M,0
2018-12-17,1.14,1.22,1.23,1.14,10.92M,-1
2018-12-14,1.21,1.3,1.31,1.18,50.20M,-1
2018-12-13,1.29,1.14,1.32,1.11,73.13M,1
2018-12-12,1.13,1.18,1.19,1.13,10.94M,-1
2018-12-11,1.17,1.13,1.21,1.09,22.33M,1
2018-12-10,1.14,1.16,1.19,1.14,12.14M,-1
2018-12-07,1.16,1.09,1.17,1.09,12.43M,1
2018-12-06,1.09,1.16,1.17,1.09,9.64M,-1
2018-12-05,1.16,1.2,1.25,1.16,25.02M,-1
2018-12-04,1.2,1.15,1.23,1.12,34.98M,1
2018-12-03,1.14,1.15,1.2,1.08,42.84M,-1
2018-11-30,1.12,1.02,1.15,0.99,39.61M,1
2018-11-29,1.03,1.0,1.04,0.99,8.00M,1
2018-11-28,0.99,0.98,1.0,0.96,4.83M,1
2018-11-27,0.97,1.0,1.0,0.97,1.72M,-1
2018-11-26,0.99,1.0,1.02,0.99,3.22M,-1
2018-11-23,0.98,0.98,1.01,0.96,4.81M,0
2018-11-22,0.98,0.96,0.99,0.94,3.48M,1
2018-11-21,0.95,0.95,0.97,0.92,2.33M,0
2018-11-20,0.95,0.96,0.97,0.94,3.36M,-1
2018-11-19,0.96,0.97,0.99,0.94,4.82M,-1
2018-11-16,0.96,0.95,1.05,0.94,26.91M,1
2018-11-15,0.92,0.9,0.94,0.89,3.60M,1
2018-11-14,0.89,0.89,0.9,0.87,887.77K,0
2018-11-13,0.88,0.89,0.89,0.87,686.93K,-1
2018-11-12,0.88,0.9,0.91,0.87,833.44K,-1
2018-11-09,0.89,0.92,0.93,0.89,1.07M,-1
2018-11-08,0.92,0.93,0.94,0.91,677.60K,-1
2018-11-07,0.92,0.9,0.92,0.89,1.36M,1
2018-11-06,0.89,0.91,0.91,0.89,872.28K,-1
2018-11-05,0.91,0.88,0.92,0.88,2.25M,1
2018-11-02,0.88,0.9,0.9,0.87,804.63K,-1
2018-11-01,0.89,0.91,0.91,0.87,1.15M,-1
2018-10-31,0.91,0.93,0.94,0.89,1.84M,-1
2018-10-30,0.96,0.98,0.99,0.95,979.72K,-1
2018-10-26,0.98,0.99,1.01,0.97,1.08M,-1
2018-10-25,0.99,0.98,1.01,0.97,1.62M,1
2018-10-24,0.98,0.99,0.99,0.97,511.39K,-1
2018-10-23,0.98,1.0,1.0,0.97,871.00K,-1
2018-10-22,0.99,1.01,1.03,0.99,1.06M,-1
2018-10-19,1.01,1.02,1.03,1.01,602.09K,-1
2018-10-18,1.02,1.03,1.05,1.02,1.76M,-1
2018-10-17,1.03,1.05,1.05,1.03,838.49K,-1
2018-10-16,1.05,1.07,1.07,1.03,1.45M,-1
2018-10-15,1.07,1.04,1.07,1.03,1.38M,1
2018-10-12,1.03,1.03,1.03,0.99,1.48M,0
2018-10-11,1.02,1.04,1.05,1.0,1.89M,-1
2018-10-10,1.05,1.1,1.1,1.05,1.93M,-1
2018-10-09,1.09,1.09,1.1,1.08,2.33M,0
2018-10-08,1.09,1.11,1.11,1.08,1.50M,-1
2018-10-05,1.11,1.12,1.12,1.07,1.86M,-1
2018-10-04,1.11,1.14,1.14,1.11,1.08M,-1
2018-10-03,1.14,1.15,1.16,1.14,966.00K,-1
2018-10-02,1.15,1.17,1.17,1.15,629.80K,-1
2018-10-01,1.16,1.17,1.17,1.15,2.08M,-1
2018-09-28,1.16,1.17,1.19,1.16,947.86K,-1
2018-09-27,1.16,1.17,1.17,1.16,1.30M,-1
2018-09-26,1.16,1.18,1.19,1.16,1.39M,-1
2018-09-25,1.18,1.18,1.2,1.17,2.84M,0
2018-09-24,1.18,1.19,1.19,1.17,1.87M,-1
2018-09-21,1.19,1.19,1.19,1.17,1.90M,0
2018-09-20,1.18,1.19,1.21,1.17,3.39M,-1
2018-09-19,1.18,1.18,1.22,1.17,10.67M,0
2018-09-18,1.18,1.15,1.19,1.14,7.35M,1
2018-09-17,1.15,1.18,1.18,1.13,3.25M,-1
2018-09-14,1.17,1.19,1.2,1.16,3.62M,-1
2018-09-13,1.17,1.14,1.17,1.12,1.61M,1
2018-09-12,1.14,1.16,1.17,1.13,2.11M,-1
2018-09-11,1.15,1.15,1.2,1.14,5.44M,0
2018-09-10,1.14,1.15,1.17,1.13,2.34M,-1
2018-09-07,1.15,1.15,1.16,1.13,1.64M,0
2018-09-06,1.15,1.17,1.18,1.15,2.16M,-1
2018-09-05,1.17,1.18,1.2,1.16,6.34M,-1
2018-09-04,1.18,1.2,1.2,1.16,2.55M,-1
2018-09-03,1.19,1.21,1.23,1.18,4.87M,-1
2018-08-31,1.2,1.17,1.23,1.17,6.55M,1
2018-08-29,1.17,1.22,1.22,1.16,4.09M,-1
2018-08-28,1.22,1.23,1.25,1.2,3.75M,-1
2018-08-27,1.23,1.16,1.23,1.13,4.30M,1
